{"sentenceList":[
  {"id":"S-001",
   "text":"The sphere is green.",
   "message":{"type":"object-description",
              "object":"obj-006",
              "property":{"class":"color","value":"green1"}}},
  {"id":"S-002",
   "text":"The sphere is red.",
   "message":{"type":"object-description",
              "object":"obj-006",
              "property":{"class":"color","value":"red1"}}},
  {"id":"S-003",
   "text":"The medium block is green.",
   "message":{"type":"object-description",
              "object":"obj-008",
              "property":{"class":"color","value":"green1"}}},
  {"id":"S-004",
   "text":"The red triangle is clear.",
   "message":{"type":"object-description",
              "object":"obj-003",
              "property":{"class":"property","value":"clear"}}},
  {"id":"S-005",
   "text":"The big triangle is red.",
   "message":{"type":"object-description",
              "object":"obj-002",
              "property":{"class":"color","value":"red1"}}},
  {"id":"S-006",
   "text":"The sphere is cooked.",
   "message":{"type":"object-description",
              "object":"obj-006",
              "property":{"class":"modifier","value":"cooked"}}},
  {"id":"S-007",
   "text":"The stove is off.",
   "message":{"type":"object-description",
              "object":"stove",
              "property":{"class":"on-off","value":"turned-off1"}}},
  {"id":"S-008",
   "text":"The large one is red.",
   "message":{"type":"object-description",
              "object":"obj-002",
              "property":{"class":"color","value":"red1"}}},
  {"id":"S-009",
   "text":"This is orange.",
   "message":{"type":"object-description",
              "object":"obj-002",
              "property":{"class":"color","value":"orange1"}}},
  {"id":"S-010",
   "text":"This is a big triangle.",
   "message":{"type":"object-description",
              "object":"obj-002",
              "property":{"class":"shape","value":"triangle1"}}},
  {"id":"S-011",
   "text":"This one is orange.",
   "message":{"type":"object-description",
              "object":"obj-002",
              "property":{"class":"color","value":"orange1"}}},
  {"id":"S-012",
   "text":"The soda is in the kitchen.",
   "message":{"type":"object-description",
              "object":"obj-025",
              "object-desc":{"id":"obj-025","category":"object","shape":"soda1"},"relation":{"id":"in1","arg2":"kitchen1"}}},
  {"id":"S-013",
   "text":"The red triangle is on the stove.",
   "message":{"type":"object-description",
              "object":"obj-003",
              "relation":{"id":"on1","arg2":"stove"}}},
  {"id":"S-014",
   "text":"The red triangle is on the big green block.",
   "message":{"type":"object-description",
              "object":"obj-003",
              "relation":{"id":"on1","arg2":"obj-006"}}},
  {"id":"S-015",
   "text":"The red triangle is behind the stove.",
   "message":{"type":"object-description",
              "object":"obj-003",
              "relation":{"id":"behind1","arg2":"stove"}}},
  {"id":"S-016",
   "text":"The red triangle is to the left of the stove.",
   "message":{"type":"object-description",
              "object":"obj-003",
              "relation":{"id":"left-of1","arg2":"stove"}}},
  {"id":"S-017",
   "text":"The red triangles are on the pantry.",
   "message":{"type":"object-description",
              "object":"obj-003",
              "relation":{"id":"on1","arg2":"pantry"}}},
  {"id":"S-018",
   "text":"The medium block is smaller than the large block.",
   "message":{"type":"object-description",
              "object":"obj-008",
              "relation":{"id":"smaller-than1","arg2":"obj-006"}}},
  {"id":"S-019",
   "text":"This is larger than the green sphere.",
   "message":{"type":"object-description",
              "object":"obj-002",
              "relation":{"id":"larger-than1","arg2":"obj-006"}}},
  {"id":"S-020",
   "text":"Pick up the stapler.",
   "message":{"type":"command","action":"action-006",
              "object":"obj-027",
              "object-desc":{"id":"obj-027","category":"object"}}},
  {"id":"S-021",
   "text":"Put down the stapler.",
   "message":{"type":"command","action":"action-007",
              "object":"obj-027",
              "object-desc":{"id":"obj-027","category":"object"}}},
  {"id":"S-022",
   "text":"Pick up the box.",
   "message":{"type":"command","action":"action-006",
              "object":"obj-009"}},
  {"id":"S-023",
   "text":"Put down the box.",
   "message":{"type":"command","action":"action-007",
              "object":"obj-009"}},
  {"id":"S-024",
   "text":"Pick up the green sphere.",
   "message":{"type":"command","action":"action-006",
              "object":"obj-006"}},
  {"id":"S-025",
   "text":"Pick this up.",
   "message":{"type":"command","action":"action-006",
              "object":"obj-002",
              "modifier":"upwards"}},
              
  {"id":"S-026",
   "text":"Pick up the purple object.",
   "message":{"type":"command","action":"action-006",
              "object":"obj-008"}},
  {"id":"S-027",
   "text":"Pick it up.",
   "message":{"type":"command","action":"action-006",
              "object":"obj-008",
              "modifier":"upwards"}},
              
  {"id":"S-028",
   "text":"Pick the red box.",
   "message":{"type":"command","action":"action-006",
              "object":"obj-031",
              "object-desc":{"id":"obj-031","category":"object","color":"red1","shape":"box1"}}},
  {"id":"S-029",
   "text":"Put the green sphere in the pantry.",
   "message":{"type":"command","action":"action-007",
              "object":"obj-006",
              "relation":{"id":"in1","arg2":"pantry"}}},
  {"id":"S-030",
   "text":"Put the green one in the pantry.",
   "message":{"type":"command","action":"action-007",
              "object":"obj-006",
              "relation":{"id":"in1","arg2":"pantry"}}},
  {"id":"S-031",
   "text":"Pick up the soda.",
   "message":{"type":"command","action":"action-006",
              "object":"obj-020",
              "object-desc":{"id":"obj-020","category":"object","shape":"soda1"}}},
  {"id":"S-032",
   "text":"Put down the soda.",
   "message":{"type":"command","action":"action-007",
              "object":"obj-020",
              "object-desc":{"id":"obj-020","category":"object","shape":"soda1"}}},
  {"id":"S-033",
   "text":"Pick up the trash.",
   "message":{"type":"command","action":"action-006",
              "object":"trash1"}},
  {"id":"S-034",
   "text":"Put down the trash.",
   "message":{"type":"command","action":"action-007",
              "object":"trash1"}},
  {"id":"S-035",
   "text":"Turn off the lights.",
   "message":{"type":"command","action":"action-027",
              "object":"obj-010"}},
  {"id":"S-036",
   "text":"Pick up this.",
   "message":{"type":"command","action":"action-006",
              "object":"obj-002"}},
  {"id":"S-037",
   "text":"Pick up that.",
   "message":{"type":"command","action":"action-006",
              "object":"obj-002"}},
  {"id":"S-038",
   "text":"Put that in the pantry.",
   "message":{"type":"command","action":"action-007",
              "object":"obj-002",
              "relation":{"id":"in1","arg2":"pantry"}}},
  {"id":"S-039",
   "text":"Put this on the stove.",
   "message":{"type":"command","action":"action-007",
              "object":"obj-002",
              "relation":{"id":"on1","arg2":"stove"}}},
  {"id":"S-040",
   "text":"Put this in the pantry.",
   "message":{"type":"command","action":"action-007",
              "object":"obj-002",
              "relation":{"id":"in1","arg2":"pantry"}}},
  {"id":"S-041",
   "text":"Put it on the stove.",
   "message":{"type":"command","action":"action-007",
              "object":"obj-008",
              "relation":{"id":"on1","arg2":"stove"}}},
  {"id":"S-042",
   "text":"Put it on this.",
   "message":{"type":"command","action":"action-007",
              "object":"obj-002",
              "relation":{"id":"on1","arg2":"obj-002"}}},
  {"id":"S-043",
   "text":"Turn on the stove.",
   "message":{"type":"command","action":"action-037",
              "object":"stove"}},
  {"id":"S-044",
   "text":"Store the sphere.",
   "message":{"type":"command","action":"action-045",
              "object":"obj-006"}},
  {"id":"S-045",
   "text":"Store the green block.",
   "message":{"type":"command","action":"action-045",
              "object":"obj-006"}},
  {"id":"S-046",
   "text":"Store the pantry.",
   "message":{"type":"command","action":"action-045",
              "object":"pantry"}},
  {"id":"S-047",
   "text":"Throw away the trash.",
   "message":{"type":"command","action":"action-022",
              "object":"trash1",
              "modifier":"away1"}},
              
  {"id":"S-048",
   "text":"Clean small red triangle.",
   "message":{"type":"command","action":"action-046",
              "object":"obj-003"}},
  {"id":"S-049",
   "text":"Open the pantry.",
   "message":{"type":"command","action":"action-038",
              "object":"pantry"}},
  {"id":"S-050",
   "text":"Close the pantry.",
   "message":{"type":"command","action":"action-039",
              "object":"pantry"}},
  {"id":"S-051",
   "text":"Set the table.",
   "message":{"type":"command","action":"action-044",
              "object":"table"}},
  {"id":"S-052",
   "text":"Clean the pantry.",
   "message":{"type":"command","action":"action-046",
              "object":"pantry"}},
  {"id":"S-053",
   "text":"Clean pantry.",
   "message":{"type":"command","action":"action-046",
              "object":"pantry"}},
  {"id":"S-054",
   "text":"Rosie, clean the pantry.",
   "message":{"type":"command","action":"action-046",
              "object":"pantry"}},
  {"id":"S-055",
   "text":"Rosie clean the pantry.",
   "message":{"type":"command","action":"action-046",
              "object":"pantry"}},
  {"id":"S-056",
   "text":"Discard the large green block.",
   "message":{"type":"command","action":"action-040",
              "object":"obj-006"}},
  {"id":"S-057",
   "text":"Cook the red triangle.",
   "message":{"type":"command","action":"action-041",
              "object":"obj-003"}},
  {"id":"S-058",
   "text":"Serve the red triangle.",
   "message":{"type":"command","action":"action-042",
              "object":"obj-003"}},
  {"id":"S-059",
   "text":"Organize the pantry.",
   "message":{"type":"command","action":"action-043",
              "object":"pantry"}},
  {"id":"S-060",
   "text":"Put down the green sphere in the pantry.",
   "message":{"type":"command","action":"action-007",
              "object":"obj-006",
              "relation":{"id":"in1","arg2":"pantry"}}},
  {"id":"S-061",
   "text":"Pick up the green block on the stove.",
   "message":{"type":"command","action":"action-006",
              "object":"obj-004"}},
  {"id":"S-062",
   "text":"Put the sphere in the red triangle.",
   "message":{"type":"command","action":"action-007",
              "object":"obj-006",
              "relation":{"id":"in1","arg2":"obj-003"}}},
  {"id":"S-063",
   "text":"Put the green sphere in front of the pantry.",
   "message":{"type":"command","action":"action-007",
              "object":"obj-006",
              "relation":{"id":"infront1","arg2":"pantry"}}},
  {"id":"S-064",
   "text":"Put the green sphere next to the pantry.",
   "message":{"type":"command","action":"action-007",
              "object":"obj-006",
              "relation":{"id":"next-to1","arg2":"pantry"}}},
  {"id":"S-065",
   "text":"Move the green sphere to the right of the garbage.",
   "message":{"type":"command","action":"action-047",
              "object":"obj-006",
              "relation":{"id":"right-of1","arg2":"garbage"}}},
  {"id":"S-066",
   "text":"Move the green sphere to the left of the garbage.",
   "message":{"type":"command","action":"action-047",
              "object":"obj-006",
              "relation":{"id":"left-of1","arg2":"garbage"}}},
  {"id":"S-067",
   "text":"Move the orange triangle on the red triangle to the stove.",
   "message":{"type":"command","action":"action-047",
              "object":"obj-002",
              "relation":{"id":"on1","arg2":"stove"}}},
  {"id":"S-068",
   "text":"Move the green rectangle to the left of the large green rectangle to the pantry.",
   "message":{"type":"command","action":"action-047",
              "object":"obj-004",
              "relation":{"id":"left-of1","arg2":"obj-005"}}},
  {"id":"S-069",
   "text":"Store the large green sphere on the red triangle.",
   "message":{"type":"command","action":"action-045",
              "object":"obj-006",
              "relation":{"id":"on1","arg2":"obj-003"}}},
  {"id":"S-070",
   "text":"Turn off the lights in the conference room.",
   "message":{"type":"command","action":"action-026",
              "object":"obj-010"}},
  {"id":"S-071",
   "text":"Put the trash in the garbage.",
   "message":{"type":"command","action":"action-033",
              "object":"obj-022",
              "object-desc":{"id":"obj-022","category":"object"},"relation":{"id":"in1","arg2":"garbage"}}},
  {"id":"S-072",
   "text":"Pick a green block that is on the stove.",
   "message":{"type":"command","action":"action-006",
              "object":"obj-033",
              "object-desc":{"id":"obj-033","category":"object","color":"green1"}}},
  {"id":"S-073",
   "text":"Pick a green block that is on a stove.",
   "message":{"type":"command","action":"action-006",
              "object":"obj-034",
              "object-desc":{"id":"obj-034","category":"object","color":"green1"}}},
  {"id":"S-074",
   "text":"Pick the green block that is small.",
   "message":{"type":"command","action":"action-006",
              "object":"obj-009"}},
  {"id":"S-075",
   "text":"Pick a green block that is small.",
   "message":{"type":"command","action":"action-006",
              "object":"obj-032",
              "object-desc":{"id":"obj-032","category":"object","color":"green1","size":"small1"}}},
  {"id":"S-076",
   "text":"Pick the green block that is on the stove.",
   "message":{"type":"command","action":"action-006",
              "object":"obj-004"}},
  {"id":"S-077",
   "text":"Pick a green block that is larger than the green box.",
   "message":{"type":"command","action":"action-006",
              "object":"obj-035",
              "object-desc":{"id":"obj-035","category":"object","color":"green1"}}},
  {"id":"S-078",
   "text":"Go.",
   "message":{"type":"command","action":"action-002"}},
  {"id":"S-079",
   "text":"Go to the kitchen.",
   "message":{"type":"command","action":"action-002",
              "relation":{"id":"on1","arg2":"kitchen1"}}},
  {"id":"S-080",
   "text":"Go to the waypoint.",
   "message":{"type":"command","action":"action-002",
              "object-desc":{"id":"obj-022","category":"object","spatial-shape":"waypoint"},"relation":{"id":"on1","arg2":"obj-022"}}},
  {"id":"S-081",
   "text":"Go to waypoint.",
   "message":{"type":"command","action":"action-002",
              "object-desc":{"id":"obj-030","category":"object","spatial-shape":"waypoint"},"relation":{"id":"on1","arg2":"obj-030"}}},
  {"id":"S-082",
   "text":"Go to the location.",
   "message":{"type":"command","action":"action-002",
              "relation":{"id":"on1","arg2":"new-object-id5"}}},
  {"id":"S-083",
   "text":"Drive to the kitchen.",
   "message":{"type":"command","action":"action-002",
              "relation":{"id":"on1","arg2":"kitchen1"}}},
  {"id":"S-084",
   "text":"Go to the garbage.",
   "message":{"type":"command","action":"action-002",
              "relation":{"id":"on1","arg2":"garbage"}}},
  {"id":"S-085",
   "text":"Drive to the wall.",
   "message":{"type":"command","action":"action-002",
              "object-desc":{"id":"obj-029","category":"object","spatial-shape":"wall1"},"relation":{"id":"on1","arg2":"obj-029"}}},
  {"id":"S-086",
   "text":"Orient north.",
   "message":{"type":"command","action":"action-003",
              "object":"north1"}},
  {"id":"S-087",
   "text":"Stop.",
   "message":{"type":"command","action":"action-001"}},
  {"id":"S-088",
   "text":"Follow the right wall.",
   "message":{"type":"command","action":"action-005",
              "object":"obj-021",
              "object-desc":{"id":"obj-021","category":"object","spatial-shape":"wall1"}}},
  {"id":"S-089",
   "text":"Forward.",
   "message":{"type":"command","action":"action-002"}},
  {"id":"S-090",
   "text":"Drive forward.",
   "message":{"type":"command","action":"action-002"}},
  {"id":"S-091",
   "text":"Turn around.",
   "message":{"type":"command","action":"action-004",
              "object":"around1"}},
  {"id":"S-092",
   "text":"Turn left.",
   "message":{"type":"command","action":"action-004",
              "object":"left1"}},
  {"id":"S-093",
   "text":"Go forward.",
   "message":{"type":"command","action":"action-002"}},
  {"id":"S-094",
   "text":"Turn right.",
   "message":{"type":"command","action":"action-004",
              "object":"right1"}},
  {"id":"S-095",
   "text":"Follow the left wall.",
   "message":{"type":"command","action":"action-005",
              "object":"obj-020",
              "object-desc":{"id":"obj-020","category":"object","spatial-shape":"wall1"}}},
  {"id":"S-096",
   "text":"Go down the hall.",
   "message":{"type":"command","action":"action-002",
              "object":"obj-019",
              "object-desc":{"id":"obj-019","category":"object","spatial-shape":"hall1"}}},
  {"id":"S-097",
   "text":"Orient s.",
   "message":{"type":"command","action":"action-003",
              "object":"south1"}},
  {"id":"S-098",
   "text":"Face east.",
   "message":{"type":"command","action":"action-003",
              "object":"east1"}},
  {"id":"S-099",
   "text":"Face west.",
   "message":{"type":"command","action":"action-003",
              "object":"west1"}},
  {"id":"S-100",
   "text":"Go to the conference room.",
   "message":{"type":"command","action":"action-002",
              "relation":{"id":"on1","arg2":"conference"}}},
  {"id":"S-101",
   "text":"Go to the office.",
   "message":{"type":"command","action":"action-002",
              "relation":{"id":"on1","arg2":"office1"}}},
  {"id":"S-102",
   "text":"Go to the main office.",
   "message":{"type":"command","action":"action-002",
              "relation":{"id":"on1","arg2":"office1"}}},
  {"id":"S-103",
   "text":"Go to the soar office.",
   "message":{"type":"command","action":"action-002",
              "relation":{"id":"on1","arg2":"office1"}}},
  {"id":"S-104",
   "text":"Go to the starting location.",
   "message":{"type":"command","action":"action-002",
              "object-desc":{"id":"obj-023","category":"object"},"relation":{"id":"on1","arg2":"obj-023"}}},
  {"id":"S-105",
   "text":"Go to your starting location.",
   "message":{"type":"command","action":"action-002",
              "object-desc":{"id":"obj-024","category":"object"},"relation":{"id":"on1","arg2":"obj-024"}}},
  {"id":"S-106",
   "text":"Drive forward one meter.",
   "message":{"type":"command","action":"action-002",
              "object":"1"}},
  {"id":"S-107",
   "text":"Drive slowly to the kitchen.",
   "message":{"type":"command","action":"action-002",
              "relation":{"id":"on1","arg2":"kitchen1"},
              "modifier":"slow1"}},
              
  {"id":"S-108",
   "text":"Find a stapler.",
   "message":{"type":"command","action":"action-015",
              "object":"obj-026",
              "object-desc":{"id":"obj-026","category":"object"}}},
  {"id":"S-109",
   "text":"Find the soda.",
   "message":{"type":"command","action":"action-028",
              "object":"obj-021",
              "object-desc":{"id":"obj-021","category":"object","shape":"soda1"}}},
  {"id":"S-110",
   "text":"Deliver the box.",
   "message":{"type":"command","action":"action-010",
              "object":"obj-009"}},
  {"id":"S-111",
   "text":"Deliver the box to the kitchen.",
   "message":{"type":"command","action":"action-010",
              "object":"obj-009",
              "relation":{"id":"on1","arg2":"kitchen1"}}},
  {"id":"S-112",
   "text":"Deliver the box to the office.",
   "message":{"type":"command","action":"action-010",
              "object":"obj-009",
              "relation":{"id":"on1","arg2":"office1"}}},
  {"id":"S-113",
   "text":"Take the box to the kitchen.",
   "message":{"type":"command","action":"action-011",
              "object":"obj-009",
              "relation":{"id":"on1","arg2":"kitchen1"}}},
  {"id":"S-114",
   "text":"Fetch a soda.",
   "message":{"type":"command","action":"action-012",
              "object":"obj-022",
              "object-desc":{"id":"obj-022","category":"object","shape":"soda1"}}},
  {"id":"S-115",
   "text":"Fetch a soda from the kitchen.",
   "message":{"type":"command","action":"action-012",
              "object":"obj-020",
              "object-desc":{"id":"obj-020","category":"object","shape":"soda1"},"relation":{"id":"from","arg2":"kitchen1"}}},
  {"id":"S-116",
   "text":"Fetch the box from the kitchen.",
   "message":{"type":"command","action":"action-025",
              "object":"obj-009",
              "relation":{"id":"from","arg2":"kitchen1"}}},
  {"id":"S-117",
   "text":"Patrol.",
   "message":{"type":"command","action":"action-023",
              "object":"building1"}},
  {"id":"S-118",
   "text":"Patrol the building.",
   "message":{"type":"command","action":"action-023",
              "object":"building1"}},
  {"id":"S-119",
   "text":"Check if the conference room is empty.",
   "message":{"type":"command","action":"action-034",
              "if-clause":{"object-predicate":{"object":"conference","predicate":"empty"}}}},
  {"id":"S-120",
   "text":"Check if the lights in the conference room are lit.",
   "message":{"type":"command","action":"action-021",
              "if-clause":{"object-predicate":{"object":"lights1","predicate":"turned-on1"}}}},
  {"id":"S-121",
   "text":"If you see the soda then pick it up.",
   "message":{"type":"conditional","action":"action-006",
              "object":"obj-036",
              "object-desc":{"id":"obj-036","category":"object","shape":"soda1"},
              "if-clause":{"test":{"action":"action-008","agent":"rosie","object":"obj-036"}}}},
  {"id":"S-122",
   "text":"If the green box is large then go forward.",
   "message":{"type":"conditional","action":"action-002",
              "if-clause":{"object-predicate":{"object":"obj-009","predicate":"large1"}}}},
  {"id":"S-123",
   "text":"If you see the soda, pick it up.",
   "message":{"type":"conditional","action":"action-006",
              "object":"obj-036",
              "object-desc":{"id":"obj-036","category":"object","shape":"soda1"},
              "if-clause":{"test":{"action":"action-008","agent":"rosie","object":"obj-036"}}}},
  {"id":"S-124",
   "text":"If the lights in an empty room are lit then turn off the lights.",
   "message":{"type":"conditional","action":"action-024",
              "object":"lights1",
              "if-clause":{"object-predicate":{"object":"lights1","predicate":"turned-on1"}}}},
  {"id":"S-125",
   "text":"If you see some trash then throw it away.",
   "message":{"type":"conditional","action":"action-032",
              "object":"obj-022",
              "object-desc":{"id":"obj-022","category":"object"},
              "if-clause":{"test":{"action":"action-031","agent":"rosie","object":"obj-022"}}}},
  {"id":"S-126",
   "text":"Go until there is a doorway.",
   "message":{"type":"command","action":"action-002",
              "until-clause":{"exists":"door"}}},
  {"id":"S-127",
   "text":"Go forward until you see an intersection.",
   "message":{"type":"command","action":"action-002",
              "object-desc":{"id":"obj-026","category":"object","spatial-shape":"intersection"},
              "until-clause":{"test":{"action":"action-008","agent":"rosie","object":"obj-026"}}}},
  {"id":"S-128",
   "text":"Follow the right wall until there is a doorway.",
   "message":{"type":"command","action":"action-005",
              "object":"obj-021",
              "object-desc":{"id":"obj-021","category":"object","spatial-shape":"wall1"},
              "until-clause":{"exists":"door"}}},
  {"id":"S-129",
   "text":"Drive until you sense a wall.",
   "message":{"type":"command","action":"action-002",
              "object-desc":{"id":"obj-021","category":"object","spatial-shape":"wall1"},
              "until-clause":{"test":{"action":"action-008","agent":"rosie","object":"obj-021"}}}},
  {"id":"S-130",
   "text":"Drive down the hall until you reach the end.",
   "message":{"type":"command","action":"action-002",
              "object":"obj-019",
              "object-desc":{"id":"obj-028","category":"object","spatial-shape":"end1"},
              "until-clause":{"test":{"action":"action-008","agent":"rosie","object":"obj-028"}}}},
  {"id":"S-131",
   "text":"Follow the right wall until you reach the end.",
   "message":{"type":"command","action":"action-005",
              "object":"obj-021",
              "object-desc":{"id":"obj-028","category":"object","spatial-shape":"end1"},
              "until-clause":{"test":{"action":"action-008","agent":"rosie","object":"obj-028"}}}},
  {"id":"S-132",
   "text":"Follow the right wall until you see two doors.",
   "message":{"type":"command","action":"action-005",
              "object":"obj-021",
              "object-desc":{"id":"obj-021","category":"object","spatial-shape":"wall1"},
              "until-clause":{"test":{"action":"action-008","agent":"rosie",
              "measurement":{"number":"2","unit":"door"}}}}},
  {"id":"S-133",
   "text":"Explore until a stapler is visible.",
   "message":{"type":"command","action":"action-009",
              "object-desc":{"id":"obj-027","category":"object"},
              "until-clause":{"object-predicate":{"object":"obj-027","predicate":"visible"}}}},
  {"id":"S-134",
   "text":"Explore until you see a soda.",
   "message":{"type":"command","action":"action-009",
              "object-desc":{"id":"obj-027","category":"object","shape":"soda1"},
              "until-clause":{"test":{"action":"action-008","agent":"rosie","object":"obj-027"}}}},
  {"id":"S-135",
   "text":"Explore until you see the soda.",
   "message":{"type":"command","action":"action-029",
              "object-desc":{"id":"obj-021","category":"object","shape":"soda1"},
              "until-clause":{"test":{"action":"action-030","agent":"rosie","object":"obj-021"}}}},
  {"id":"S-136",
   "text":"Done.",
   "message":{"type":"finished"}},
  {"id":"S-137",
   "text":"The task is done.",
   "message":{"type":"object-description",
              "object":"task1",
              "property":{"class":"predicate","value":"task-completed"}}},
  {"id":"S-138",
   "text":"The task is finished.",
   "message":{"type":"object-description",
              "object":"task1",
              "property":{"class":"predicate","value":"task-completed"}}},
  {"id":"S-139",
   "text":"The task is over.",
   "message":{"type":"object-description",
              "object":"task1",
              "property":{"class":"predicate","value":"task-completed"}}},
  {"id":"S-140",
   "text":"You are done.",
   "message":{"type":"object-description",
              "object":"rosie",
              "property":{"class":"predicate","value":"task-completed"}}},
  {"id":"S-141",
   "text":"You are in the kitchen.",
   "message":{"type":"object-description",
              "object":"rosie",
              "relation":{"id":"in1","arg2":"kitchen1"}}},
  {"id":"S-142",
   "text":"The goal is that the box is in the office.",
   "message":{"type":"object-description",
              "object":"goal",
              "subclause":{
                "object-relation":{
                  "object":"obj-009",
                  "relation":{"id":"in1","arg2":"office1"}}}}},
  {"id":"S-143",
   "text":"The goal is that the soda is in the starting location.",
   "message":{"type":"object-description",
              "object":"goal",
              "object-desc":{"id":"obj-020","category":"object","shape":"soda1"},
              "subclause":{
                "object-relation":{
                  "object":"obj-020",
                  "relation":{"id":"in1","arg2":"new-object-id3"}}}}},
  {"id":"S-144",
   "text":"The goal is that the stapler is in the starting location.",
   "message":{"type":"object-description",
              "object":"goal",
              "object-desc":{"id":"obj-026","category":"object"},
              "subclause":{
                "object-relation":{
                  "object":"obj-026",
                  "relation":{"id":"in1","arg2":"new-object-id3"}}}}},
  {"id":"S-145",
   "text":"The goal is that the box is in the kitchen.",
   "message":{"type":"object-description",
              "object":"goal1",
              "subclause":{
                "object-relation":{
                  "object":"obj-009",
                  "relation":{"id":"in1","arg2":"kitchen1"}}}}},
  {"id":"S-146",
   "text":"The goal is that you are not holding the box.",
   "message":{"type":"object-description",
              "object":"goal1",
              "subclause":{
                "object-relation":{
                  "object":"rosie",
                  
              "modifier":"negation",
              "relation":{"id":"holding1","arg2":"obj-009"}}}}},
  {"id":"S-147",
   "text":"The goal is that the box is in the kitchen and the sphere is purple.",
   "message":{"type":"object-description",
              "object":"goal1"
              "subclauses":[
                {"object-relation":{"object":"obj-009","relation":{"id":"in1","arg2":"kitchen1"}}},
                {"object-property":{"object":"obj-006","property":{"class":"color","value":"purple1"}}}
              ]}},
  {"id":"S-148",
   "text":"The goal is that the box is in the kitchen and you are not holding the box.",
   "message":{"type":"object-description",
              "object":"goal1"
              "subclauses":[
                {"object-relation":{"object":"obj-009","relation":{"id":"in1","arg2":"kitchen1"}}},
                {"object-relation":{"object":"rosie",
              "modifier":"negation",
              "relation":{"id":"holding1","arg2":"obj-009"}}}
              ]}},
  {"id":"S-149",
   "text":"The goal is that the trash is in the garbage.",
   "message":{"type":"object-description",
              "object":"goal",
              "subclause":{
                "object-relation":{
                  "object":"trash1",
                  "relation":{"id":"in1","arg2":"garbage"}}}}},
  {"id":"S-150",
   "text":"The goal is that Bob heard the message.",
   "message":{"type":"object-description",
              "object":"goal",
              "subclause":{"test":{"action":"action-017","agent":"bob","object":"message"}}}},
  {"id":"S-151",
   "text":"The goal is that you said the response in the starting location.",
   "message":{"type":"object-description",
              "object":"goal",
              "subclause":{"test":{"action":"action-019","agent":"rosie","object":"response"}}}},
  {"id":"S-152",
   "text":"The goal is that the lights in the conference room are off.",
   "message":{"type":"object-description",
              "subclause":{
                "object-property":{
                  "object":"obj-010",
                  "property":{"class":"on-off","value":"turned-off1"}}}}},
  {"id":"S-153",
   "text":"The goal is that the soda is in the office.",
   "message":{"type":"object-description",
              "object-desc":{"id":"obj-021","category":"object","shape":"soda1"},
              "subclause":{
                "object-relation":{
                  "object":"obj-021",
                  "relation":{"id":"in1","arg2":"office1"}}}}},
  {"id":"S-154",
   "text":"Recall a soda in a location.",
   "message":{"type":"command","action":"action-014",
              "object":"obj-024",
              "object-desc":{"id":"obj-024","category":"object","shape":"soda1"},"relation":{"id":"in1","arg2":"new-object-id5"}}},
  {"id":"S-155",
   "text":"Remember the current location as the starting location.",
   "message":{"type":"command","action":"action-013",
              "object":"conference","arg2":"starting-location"}},
  {"id":"S-156",
   "text":"Recall Bob in a location.",
   "message":{"type":"command","action":"action-014",
              "object":"bob",
              "relation":{"id":"in1","arg2":"new-object-id11"}}},
  {"id":"S-157",
   "text":"Follow these steps.",
   "message":{"type":"command","action":"action-035",
              "object":"steps1"}},
  {"id":"S-158",
   "text":"All of the red triangles are in the pantry.",
   "message":{"type":"object-description",
              "object":"obj-003",
              "relation":{"id":"in1","arg2":"pantry"}}},
  {"id":"S-159",
   "text":"All the red triangles are in the pantry.",
   "message":{"type":"object-description",
              "object":"obj-003",
              "relation":{"id":"in1","arg2":"pantry"}}},
  {"id":"S-160",
   "text":"All red triangles are in the pantry.",
   "message":{"type":"object-description",
              "object":"obj-003",
              "relation":{"id":"in1","arg2":"pantry"}}},
  {"id":"S-161",
   "text":"Wait for one minute.",
   "message":{"type":"command","action":"action-048",
              "measurement":{"number":"1","unit":"minute"}}},
  {"id":"S-162",
   "text":"Wait for two minutes.",
   "message":{"type":"command","action":"action-048",
              "measurement":{"number":"2","unit":"minute"}}},
  {"id":"S-163",
   "text":"Wait until the sphere is cooked.",
   "message":{"type":"command","action":"action-048",
              "until-clause":{"object-predicate":{"object":"obj-006","predicate":"cooked"}}}},
  {"id":"S-164",
   "text":"Say the message.",
   "message":{"type":"command","action":"action-019",
              "object":"message"}},
  {"id":"S-165",
   "text":"Interrogate Bob.",
   "message":{"type":"command","action":"action-020",
              "object":"bob"}},
  {"id":"S-166",
   "text":"Tell Bob a message.",
   "message":{"type":"command","action":"action-016",
              "object":"bob","arg2":"message"}},
  {"id":"S-167",
   "text":"Ask the question.",
   "message":{"type":"command","action":"action-018",
              "object":"question"}},
  {"id":"S-168",
   "text":"Ask What is the message.",
   "message":{"type":"command","action":"action-018",
              "object":"what-is-the-message"}},
  {"id":"S-169",
   "text":"Remember the answer as the question.",
   "message":{"type":"command","action":"action-013",
              "object":"answer1","arg2":"question"}},
  {"id":"S-170",
   "text":"Remember the answer as the message.",
   "message":{"type":"command","action":"action-013",
              "object":"answer1","arg2":"message"}},
  {"id":"S-171",
   "text":"Say the answer.",
   "message":{"type":"command","action":"action-019",
              "object":"answer1"}},
  {"id":"S-172",
   "text":"Ask What is the question?",
   "message":{"type":"command","action":"action-018",
              "object":"what-is-the-question-"}},
  {"id":"S-173",
   "text":"Remember the answer as the response.",
   "message":{"type":"command","action":"action-013",
              "object":"answer1","arg2":"response"}},
  {"id":"S-174",
   "text":"Remember if the lights in the conference room are lit as the response.",
   "message":{"type":"command","action":"action-013","arg2":"response",
              "if-clause":{"object-predicate":{"object":"lights1","predicate":"turned-on1"}}}},
  {"id":"S-175",
   "text":"Say the response.",
   "message":{"type":"command","action":"action-019",
              "object":"response"}},
  {"id":"S-176",
   "text":"Tell me the answer.",
   "message":{"type":"command","action":"action-036",
              "object":"me","arg2":"answer1"}},
  {"id":"S-177",
   "text":"Is the large sphere green?",
   "message":{"type":"object-question",
              "object":"obj-006",
              "property":{"class":"color","value":"green1"}}},
  {"id":"S-178",
   "text":"Is the large orange block a sphere?",
   "message":{"type":"object-question",
              "object":"obj-002",
              "property":{"class":"shape","value":"sphere1"}}},
  {"id":"S-179",
   "text":"Is the small orange triangle behind the green sphere?",
   "message":{"type":"object-question",
              "object":"obj-007",
              "relation":{"id":"behind1","arg2":"obj-006"}}},
  {"id":"S-180",
   "text":"Is this red?",
   "message":{"type":"object-question",
              "object":"obj-002",
              "property":{"class":"color","value":"red1"}}},
  {"id":"S-181",
   "text":"Is this a sphere?",
   "message":{"type":"object-question",
              "object":"obj-002",
              "property":{"class":"shape","value":"sphere1"}}},
  {"id":"S-182",
   "text":"Is the green sphere on the table?",
   "message":{"type":"object-question",
              "object":"obj-006",
              "relation":{"id":"on1","arg2":"table"}}},
  {"id":"S-183",
   "text":"Is the large triangle to the right of the green sphere?",
   "message":{"type":"object-question",
              "object":"obj-002",
              "relation":{"id":"right-of1","arg2":"obj-006"}}},
  {"id":"S-184",
   "text":"Yes.",
   "message":{"type":"yes"}},
  {"id":"S-185",
   "text":"No.",
   "message":{"type":"no"}},
  {"id":"S-186",
   "text":"What is inside the pantry?",
   "message":{"type":"what-is-question",
              "relation":{"id":"in1","arg2":"pantry"}}},
  {"id":"S-187",
   "text":"Where is the red triangle?",
   "message":{"type":"where-is-question",
              "object":"obj-003"}},
  {"id":"S-188",
   "text":"What is inside the pantry",
   "message":{"type":"what-is-question",
              "relation":{"id":"in1","arg2":"pantry"}}},
  {"id":"S-189",
   "text":"What is on the red triangle?",
   "message":{"type":"what-is-question",
              "relation":{"id":"on1","arg2":"obj-003"}}},
  {"id":"S-190",
   "text":"What is this?",
   "message":{"type":"what-is-question",
              "object":"obj-002"}},
  {"id":"S-191",
   "text":"What color is the large sphere?",
   "message":{"type":"predicate-question",
              "object":"obj-006",
              "property":{"class":"color"}}},
  {"id":"S-192",
   "text":"What shape is this?",
   "message":{"type":"predicate-question",
              "object":"obj-002",
              "property":{"class":"shape"}}},
  {"id":"S-193",
   "text":"What size is the red triangle?",
   "message":{"type":"predicate-question",
              "object":"obj-003",
              "property":{"class":"size"}}},
  {"id":"S-194",
   "text":"Green is a color.",
   "message":{"type":"word-definition",
              "word":"green",
              "property":{"class":"color","value":"green1"}}},
  {"id":"S-195",
   "text":"Mauve is color.",
   "message":{"type":"word-definition",
              "word":"mauve",
              "property":{"class":"color","value":"mauve3"}}},
  {"id":"S-196",
   "text":"Taupe is a color.",
   "message":{"type":"word-definition",
              "word":"taupe",
              "property":{"class":"color","value":"taupe4"}}},
  {"id":"S-197",
   "text":"Octagon is a shape.",
   "message":{"type":"word-definition",
              "word":"octagon",
              "property":{"class":"shape","value":"octagon1"}}},
  {"id":"S-198",
   "text":"Study is a location.",
   "message":{"type":"word-definition",
              "word":"study",
              "property":{"class":"location","value":"study2"}}},
  {"id":"S-199",
   "text":"In-a-row is a relation.",
   "message":{"type":"word-definition",
              "word":"in-a-row",
              "property":{"class":"relation","value":"in-a-row20"}}},
  {"id":"S-200",
   "text":"Transport is an action.",
   "message":{"type":"word-definition",
              "word":"transport",
              "property":{"class":"action","value":"transport19"}}}
  ]
}