{"properties":[
    {"handle":"category"},
    {"handle":"color"},
    {"handle":"shape"},
    {"handle":"size"}],
  "categories":[
    {"id":"category-001","handle":"block"},
    {"id":"category-002","handle":"location"},
    {"id":"category-003","handle":"object"},
    {"id":"category-004","handle":"block","multiple":true},
    {"id":"category-005","handle":"location","multiple":true},
    {"id":"category-006","handle":"object","multiple":true}],
  "colors":[
    {"id":"color-001","handle":"red1"},
    {"id":"color-002","handle":"orange1"},
    {"id":"color-003","handle":"yellow1"},
    {"id":"color-004","handle":"green1"},
    {"id":"color-005","handle":"blue1"},
    {"id":"color-006","handle":"purple1"},
    {"id":"color-007","handle":"white1"},
    {"id":"color-008","handle":"black1"},
    {"id":"color-009","handle":"brown1"},
    {"id":"color-010","handle":"gray1"}],
  "shapes":[
    {"id":"shape-001","handle":"triangle1"},
    {"id":"shape-002","handle":"arch1"},
    {"id":"shape-003","handle":"square1"},
    {"id":"shape-004","handle":"l-block1"},
    {"id":"shape-005","handle":"t-block1"},
    {"id":"shape-006","handle":"sphere1"},
    {"id":"shape-007","handle":"chicken1"},
    {"id":"shape-008","handle":"rectangle1"},
    {"id":"shape-009","handle":"soda1"},
    {"id":"shape-010","handle":"box1"},
    {"id":"shape-011","handle":"steak1"},
    {"id":"shape-012","handle":"lights1"},
    {"id":"shape-013","handle":"package1"},
    {"id":"shape-014","handle":"papers1"},
    {"id":"shape-015","handle":"kinect1"},
    {"id":"shape-016","handle":"trash1"},
    {"id":"shape-017","handle":"line1"},
    {"id":"shape-018","handle":"triangle1","multiple":true},
    {"id":"shape-019","handle":"stapler1"}],
  "sizes":[
    {"id":"size-001","handle":"small1"},
    {"id":"size-002","handle":"medium1"},
    {"id":"size-003","handle":"large1"}],
  "actions":[
    {"id":"action-001","handle":"stop1"},
    {"id":"action-002","handle":"go1"},
    {"id":"action-003","handle":"orient1"},
    {"id":"action-004","handle":"turn1"},
    {"id":"action-005","handle":"follow-wall1"},
    {"id":"action-006","handle":"pick-up1"},
    {"id":"action-007","handle":"put-down1"},
    {"id":"action-008","handle":"sense1"},
    {"id":"action-009","handle":"explore1"},
    {"id":"action-010","handle":"deliver1"},
    {"id":"action-011","handle":"take11"},
    {"id":"action-012","handle":"fetch1"},
    {"id":"action-013","handle":"remember"},
    {"id":"action-014","handle":"recall"},
    {"id":"action-015","handle":"find7"},
    {"id":"action-016","handle":"tell1"},
    {"id":"action-017","handle":"heard"},
    {"id":"action-018","handle":"ask1"},
    {"id":"action-019","handle":"say"},
    {"id":"action-020","handle":"interrogate12"},
    {"id":"action-021","handle":"check"},
    {"id":"action-022","handle":"throw1"},
    {"id":"action-023","handle":"patrol15"},
    {"id":"action-024","handle":"turn-off1"},
    {"id":"action-025","handle":"fetch1"},
    {"id":"action-026","handle":"turn-off1"},
    {"id":"action-027","handle":"turn-off1"},
    {"id":"action-028","handle":"find2"},
    {"id":"action-029","handle":"explore1"},
    {"id":"action-030","handle":"sense1"},
    {"id":"action-031","handle":"sense1"},
    {"id":"action-032","handle":"throw1"},
    {"id":"action-033","handle":"put-down1"},
    {"id":"action-034","handle":"check"},
    {"id":"action-035","handle":"follow-wall1"},
    {"id":"action-036","handle":"tell1"},
    {"id":"action-037","handle":"turn-on1"},
    {"id":"action-038","handle":"open1"},
    {"id":"action-039","handle":"close1"},
    {"id":"action-040","handle":"discard"},
    {"id":"action-041","handle":"cook"},
    {"id":"action-042"},
    {"id":"action-043","handle":"organize"},
    {"id":"action-044","handle":"set"},
    {"id":"action-045","handle":"store1"},
    {"id":"action-046","handle":"clean"},
    {"id":"action-047","handle":"move1"},
    {"id":"action-048","handle":"wait"}
  ]
}