{"objects":[
  {"id":"obj-001","handle":"self","item_type":"object",
    "properties":{}},
  {"id":"obj-002","handle":"large-orange-triangle1","item_type":"object",
    "properties":{"category":"block","color":"orange1","shape":"triangle1","size":"large1"}},
  {"id":"obj-003","handle":"small-red-triangle1","item_type":"object",
    "properties":{"category":"block","color":"red1","shape":"triangle1","size":"small1"}},
  {"id":"obj-004","handle":"medium-green-block1","item_type":"object",
    "properties":{"category":"block","color":"green1","shape":"rectangle1","size":"medium1"}},
  {"id":"obj-005","handle":"large-green-block1","item_type":"object",
    "properties":{"category":"block","color":"green1","shape":"rectangle1","size":"large1"}},
  {"id":"obj-006","handle":"large-green-sphere1","item_type":"object",
    "properties":{"category":"block","color":"green1","shape":"sphere1","size":"large1"}},
  {"id":"obj-007","handle":"small-orange-triangle1","item_type":"object",
    "properties":{"category":"block","color":"orange1","shape":"triangle1","size":"small1"}},
  {"id":"obj-008","handle":"medium-purple-triangle1","item_type":"object",
    "properties":{"category":"block","color":"purple1","shape":"triangle1","size":"medium1"}},
  {"id":"obj-009","handle":"small-green-box1","item_type":"object",
    "properties":{"category":"block","color":"green1","shape":"box1","size":"small1"}},
  {"id":"obj-010","handle":"conference-room-lights1","item_type":"object",
    "properties":{"category":"fixture","shape":"lights1"}},
  {"id":"obj-011","handle":"1","item_type":"object",
    "properties":{"category":"location","name":"pantry"}},
  {"id":"obj-012","handle":"2","item_type":"object",
    "properties":{"category":"location","name":"stove"}},
  {"id":"obj-013","handle":"3","item_type":"object",
    "properties":{"category":"location","name":"garbage"}},
  {"id":"obj-014","handle":"4","item_type":"object",
    "properties":{"category":"location","name":"sink"}},
  {"id":"obj-015","handle":"6","item_type":"object",
    "properties":{"category":"location","name":"table"}},
  {"id":"obj-016","handle":"7","item_type":"object",
    "properties":{"category":"location","name":"waypoint"}},
  {"id":"obj-017","handle":"8","item_type":"object",
    "properties":{"category":"location","name":"conference1"}},
  {"id":"obj-018","handle":"office1","item_type":"object",
    "properties":{"category":"location","name":"office"}}
  ],
 "pointed-to":"obj-002",
 "relations":[
  {"id":"rel-001","handle":"in1","item_type":"relation",
    "instances":[{"arg1":"obj-003","arg2":"obj-011"},{"arg1":"obj-010","arg2":"obj-017"}]},
  {"id":"rel-002","handle":"left-of1","item_type":"relation",
    "instances":[{"arg1":"obj-004","arg2":"obj-005"}]},
  {"id":"rel-003","handle":"right-of1","item_type":"relation",
    "instances":[{"arg1":"obj-005","arg2":"obj-004"}]},
  {"id":"rel-004","handle":"on1","item_type":"relation",
    "instances":[{"arg1":"obj-004","arg2":"obj-012"},{"arg1":"obj-002","arg2":"obj-003"}]}
  ],
 "robot":{"id":"robot-001","handle":"rosie","arm":{"id":"arm-001","action":"wait"}}
}
