<?xml version="1.0" ?>
<!-- The default scenario. Dietterich [1998] -->
<world>
  <size>   <x>5</x> <y>5</y> </size>
  <fuel>   <x>2</x> <y>1</y> </fuel>
  <red>    <x>0</x> <y>4</y> </red>
  <green>  <x>4</x> <y>4</y> </green>
  <blue>   <x>3</x> <y>0</y> </blue>
  <yellow> <x>0</x> <y>0</y> </yellow>
  <energy>
    <min>5</min>
    <max>12</max>
    <full>12</full>
  </energy>
  <walls>
    <north>
    </north>
    <east>
      <wall> <x>0</x> <y>0</y> </wall>
      <wall> <x>0</x> <y>1</y> </wall>
      <wall> <x>1</x> <y>3</y> </wall>
      <wall> <x>1</x> <y>4</y> </wall>
      <wall> <x>2</x> <y>0</y> </wall>
      <wall> <x>2</x> <y>1</y> </wall>
    </east>
  </walls>
</world>
